ID;PAGE_ID;NAME;DISPLAY_NAME;DATA_TYPE;LENGTH;SCALE;SEARCHABLE;FILTERABLE;TYPE;CONFIGURABLE;CUSTOM;DEFAULT
1101;101;ORDER_ID;BOK_TRANSPORTATION_UNIT;NVARCHAR;20;0;0;0;0;0;0;1
1102;101;TU_TYPE;BOK_TU_TYPE;NVARCHAR;2;0;1;1;0;0;0;1
1103;101;CUSTOMER_NAME;BOK_CUSTOMER_NAME;NVARCHAR;35;0;1;0;0;1;0;1
1104;101;RESOURCE_TYPE;BOK_RESOURCE_TYPE;NVARCHAR;10;0;1;1;0;0;0;1
1105;101;QUANTITY;BOK_QUANTITY;INTEGER;0;0;0;0;0;1;0;1
1106;101;ASSIGN_QUANTITY;BOK_ASSIGN_RESOURCE;INTEGER;0;0;0;0;0;1;0;1
1107;101;PLANNED_DEPARTURE_TIME;BOK_PLANNED_DEPARTURE_TIME;DATE;0;0;0;0;0;1;0;1
1108;101;SOURCE_LOCATION;BOK_SOURCE_LOCATION;NVARCHAR;20;0;0;0;0;1;0;0
1109;101;PLANNED_ARRIVAL_TIME;PLANNED_ARRIVAL_TIME;DATE;0;0;0;0;0;1;0;1
1110;101;DESTINATION_LOCATION;BOK_DESTINATION_LOCATION;NVARCHAR;20;0;1;0;0;1;0;0
1111;101;SHIPPER;BOK_SHIPPER;NVARCHAR;255;0;1;0;0;1;0;1
1112;101;PORT_OF_LOADING;BOK_PORT_OF_LOADING;NVARCHAR;255;0;0;0;0;1;0;1
1113;101;PORT_OF_DISCHARGE;BOK_PORT_OF_DISCHARGE;NVARCHAR;255;0;1;0;0;1;0;1
1114;101;CONSIGNEE;BOK_CONSIGNEE;NVARCHAR;255;0;0;0;0;1;0;1
1115;101;BOOKING_DATE;BOK_BOOKING_DATE;DATE;0;0;0;0;0;1;0;1
1116;101;HAULAGE_TYPE;BOK_HAULAGE_TYPE;INTEGER;0;0;0;1;0;0;0;1
1117;101;EXECUTION_STATUS;BOK_EXECUTION_STATUS;NVARCHAR;255;0;1;1;0;0;0;1
1118;101;LIFECYCLE_STATUS;BOK_LIFECYCLE_STATUS;NVARCHAR;255;0;0;1;0;0;0;1
1119;101;ACTION;BOK_ACTION;DATE;0;0;0;0;0;0;1;1
1120;101;VESSEL_POD;VESSEL_NAME_FOR_POD;VARCHAR;100;0;0;1;0;1;0;1
1121;101;VOYAGE_POL;VOYAGE_ID_FOR_POL;VARCHAR;100;0;0;1;0;1;0;1
1122;101;VOYAGE_POD;VOYAGE_ID_FOR_POD;VARCHAR;100;0;0;1;0;1;0;1
1123;101;BOOKING_REFERENCE;BOOKING_REFERENCE;VARCHAR;20;0;0;1;0;1;0;1
1124;101;RESOURCE_NUMBER;RESOURCE_NUMBER;VARCHAR;20;0;0;1;0;1;0;1
1125;101;MEANS_OF_TRANSPORTATION;MEANS_OF_TRANSPORT;VARCHAR;60;0;0;1;0;1;0;1
1126;101;CARRIER_POL;CARRIER_POL;VARCHAR;40;0;0;1;0;1;0;1
1127;101;PICKUP_LOCATION_NAME;BOK_PICKUP_LOCATION;VARCHAR;20;0;1;1;0;1;0;1
1128;101;PICKUP_DATE;BOK_PICKUP_DATE;DATE;0;0;0;1;0;1;0;1
1129;101;RETURN_LOCATION_NAME;BOK_RETURN_LOCATION;VARCHAR;20;0;0;1;0;1;0;1
1130;101;RETURN_DATE;BOK_RETURN_DATE;DATE;0;0;0;1;0;1;0;1
1131;101;VESSEL_CUTOFF_UTC;VESSEL_CUTOFF_DATE;TIMESTAMP;0;0;0;0;0;1;0;1
1132;101;VESSEL_POL;VESSEL_NAME_FOR_POL;VARCHAR;100;0;0;1;0;1;0;1
1133;101;LEASE_AGREEMENT;LEASE_AGREEMENT;VARCHAR;20;0;1;1;0;0;0;1
1134;101;LEASE_TYPE;LEASE_TYPE;VARCHAR;60;0;1;1;0;0;0;1
1135;101;SPECIAL_INSTRUCTION_NAME;SPECIAL_INSTRUCTION;VARCHAR;30;0;1;1;0;0;0;1
1136;101;VESSEL_ARRIVAL_DATE;VESSEL_ARRIVAL_DATE;DATE;0;0;0;1;0;1;0;1
1137;101;RESOURCE_LAST_LOCATION;RESOURCE_LAST_LOCATION;VARCHAR;20;0;0;1;0;1;0;1
1138;101;CARRIER_POD;CARRIER_POD;VARCHAR;10;0;0;0;0;1;0;1
1200;102;RESOURCE_NAME;RESOURCE_NAME;VARCHAR;40;0;0;1;0;0;0;1
1201;102;RESOURCE_TYPE_CODE;RESOURCE_TYPE;VARCHAR;200;0;1;1;0;0;0;1
1202;102;RESOURCE_TYPE_DESC;RESOURCE_TYPE_DESC;VARCHAR;200;0;1;1;0;1;0;1
1204;102;TARE_WEIGHT;RESOURCE_TARE_WEIGHT;DECIMAL;18;4;1;0;0;1;0;1
1205;102;MAX_GROSS_WEIGHT;RESOURCE_MAX_GROSS_WEIGHT;DECIMAL;18;4;1;0;0;1;0;1
1206;102;MAX_CARGO_WEIGHT;RESOURCE_MAXIMUM_CARGO_WEIGHT;DECIMAL;18;4;1;0;0;1;0;1
1207;102;INSIDE_LENGTH;RESOURCE_INSIDE_LENGTH;DECIMAL;18;4;1;0;0;1;0;1
1208;102;INSIDE_WIDTH;RESOURCE_INSIDE_WIDTH;DECIMAL;18;4;1;0;0;1;0;1
1209;102;INSIDE_HEIGHT;RESOURCE_INSIDE_HEIGHT;DECIMAL;18;4;1;0;0;1;0;1
1210;102;DOOR_WIDTH;RESOURCE_DOOR_WIDTH;DECIMAL;18;4;1;0;0;1;0;1
1211;102;DOOR_HEIGHT;RESOURCE_DOOR_HEIGHT;DECIMAL;18;4;1;0;0;1;0;1
1212;102;MAX_LENGTH;RESOURCE_MAXIMUM_LENGTH;DECIMAL;18;4;1;0;0;1;0;1
1213;102;VOLUME;RESOURCE_VOLUME;DECIMAL;18;4;1;0;0;1;0;1
1214;102;TEU_COUNT;RESOURCE_EQUIVALENT_TEUS;INTEGER ;0;0;1;0;0;1;0;1
1215;102;BUILT_DATE;RESOURCE_DATE_OF_BUILT;DATE;0;0;1;0;0;1;0;1
1216;102;OWNERSHIP;OWNERSHIP;VARCHAR;10;0;1;1;0;0;0;1
1217;102;MOVEMENT_STATUS_CODE;RESOURCE_MOVEMENT_STATUS;VARCHAR;40;0;1;1;0;0;0;1
1218;102;MOVEMENT_STATUS;RESOURCE_MOVEMENT_STATUS_DESC;VARCHAR;40;0;1;1;0;1;0;1
1219;102;LOADING_STATUS;RESOURCE_LOADING_STATUS;VARCHAR;40;0;1;1;0;1;0;1
1220;102;RESOURCE_CONDITION;RESOURCE_CONDITION;VARCHAR;2;0;1;1;0;0;0;1
1221;102;FOOD_GRADE;RESOURCE_FOOD_GRADE;VARCHAR;2;0;1;1;0;0;0;1
1222;102;LAST_CARGO;RESOURCE_LAST_CARGO;VARCHAR;30;0;1;1;0;1;0;1
1223;102;CURRENT_RESPONSIBLE_TU;RESOURCE_CURRENT_RESPONSIBLE_TU;VARCHAR;20;0;1;1;0;1;0;1
1224;102;CURRENT_RESPONSIBLE_TU_TYPE;RESOURCE_CURRENT_RESPONSIBLE_TU_TYPE;VARCHAR;60;0;1;1;0;1;0;1
1225;102;LAST_ASSIGNED_TOR;RESOURCE_LAST_ASSIGNED_ORDER;VARCHAR;20;0;1;1;0;1;0;1
1226;102;CURRENT_LOCATION;RESOURCE_CURRENT_LOCATION;VARCHAR;40;0;1;1;0;0;0;1
1227;102;LAST_LOCATION;RESOURCE_LAST_LOCATION;VARCHAR;22;0;1;1;0;1;0;1
1228;102;NEXT_STOP;RESOURCE_NEXT_STOP;VARCHAR;22;0;1;1;0;1;0;1
1229;102;FINAL_DESTINATION;RESOURCE_FINAL_DESTINATION;VARCHAR;22;0;1;1;0;1;0;1
1230;102;IDLE_DAYS;RESOURCE_IDLE_DAYS;INTEGER;0;0;1;0;0;1;0;1
1231;102;LEASING_ID;RESOURCE_LEASING_ID;VARCHAR;20;0;1;1;0;0;0;1
1232;102;MAX_WIDTH;RESOURCE_MAXIMUM_WIDTH;DECIMAL;13;3;1;0;0;1;0;1
1233;102;MAX_HEIGHT;RESOURCE_MAXIMUM_HEIGHT;DECIMAL;13;3;1;0;0;1;0;1
1234;102;VENTILATED;RESOURCE_VENTILATED;NVARCHAR;1;0;1;1;0;1;0;1
1235;102;TEMP_CONTROL;RESOURCE_TEMPERATURE_INDICATOR;NVARCHAR;1;0;1;1;0;1;0;1
1236;102;TEMP_CTRL_MIN;RESOURCE_MIN_CONTROL_TEMPERATURE;DECIMAL;7;2;1;0;0;1;0;1
1237;102;TEMP_CTRL_MAX;RESOURCE_MAX_CONTROL_TEMPERATURE;DECIMAL;7;2;1;0;0;1;0;1
1238;102;SHIPPER_OWNED;RESOURCE_SHIPPER_OWNED;NVARCHAR;1;0;1;1;0;1;0;1
1239;102;SPECIAL_INSTRUCTION;RESOURCE_SPECIAL_INSTRUCTIONS;NVARCHAR;3;0;1;1;0;1;0;1
1240;102;EXTNL_CLADDING;RESOURCE_EXTERNAL_CLADDING;NVARCHAR;5;0;1;1;0;1;0;1
1241;102;CNTRL_ATM;RESOURCE_CNTRL_ATM;NVARCHAR;5;0;1;1;0;1;0;1
1242;102;FLOWER_BULB_AGRMNT;RESOURCE_FLOWER_BULB_AGRMNT;NVARCHAR;1;0;1;1;0;1;0;1
1243;102;USDA;RESOURCE_USDA;NVARCHAR;1;0;1;1;0;1;0;1
1244;102;COOLING_UNIT_MNFTR;RESOURCE_COOLING_UNIT_MNFTR;NVARCHAR;40;0;1;1;0;1;0;1
1245;102;COOLING_UNIT_MODEL;RESOURCE_COOLING_UNIT_MODEL;NVARCHAR;40;0;1;1;0;1;0;1
1246;102;DESHUMIDIFY;RESOURCE_DESHUMIDIFY;NVARCHAR;1;0;1;1;0;1;0;1
1247;102;DATACORDER;RESOURCE_DATACORDER;NVARCHAR;1;0;1;1;0;1;0;1
1248;102;OFF_HIRE_DT;RESOURCE_OFF_HIRE_DATE;DATE;0;0;1;0;0;1;0;1
1249;102;ON_HIRE_DT;RESOURCE_ON_HIRE_DATE;DATE;0;0;1;0;0;1;0;1
1250;102;RESOURCE_STATUS;RESOURCE_BLOCKED_STATUS;VARCHAR;40;0;1;1;0;0;0;1
1251;102;VESSEL;RESOURCE_VESSEL;VARCHAR;35;0;1;1;0;1;0;1
1300;103;TRANSPORTATION_ID;TRANSPORTATION_UNIT;NVARCHAR;20;0;0;0;0;0;0;1
1301;103;TU_TYPE;BOK_TU_TYPE;NVARCHAR;2;0;0;0;0;0;0;1
1302;103;STATUS;EXECUTION_STATUS;NVARCHAR;60;0;1;1;0;0;0;1
1303;103;LIFECYCLE_STATUS;BOK_LIFECYCLE_STATUS;NVARCHAR;60;0;0;0;0;1;0;1
1304;103;SHIPPER;SHIPPER;NVARCHAR;10;0;1;1;0;0;0;1
1305;103;CONSIGNEE;CONSIGNEE;NVARCHAR;10;0;0;1;0;0;0;1
1306;103;RESOURCE_TYPE;RESOURCE_TYPE;NVARCHAR;10;0;1;1;0;0;0;1
1307;103;QUANTITY;QUANTITY;INTEGER;0;0;0;0;0;1;0;1
1308;103;ASSIGNED_CONTAINERS;BOK_ASSIGN_QUANTITY;INTEGER;0;0;0;0;0;1;0;1
1309;103;DESTINATION_LOCATION;DESTINATION_LOCATION;NVARCHAR;20;0;1;1;0;1;0;1
1310;103;POL_NAME;PORT_OF_LOADING;NVARCHAR;20;0;1;1;0;0;0;1
1311;103;POD_NAME;PORT_OF_DISCHARGE;NVARCHAR;20;0;0;1;0;0;0;1
1312;103;VESSEL_CUTOFF_DATE;VESSEL_CUTOFF_DATE;TIMESTAMP;0;0;0;0;0;1;0;1
1313;103;RELEVANT_PLANNING;BOK_HAULAGE_TYPE;INTEGER;0;0;0;0;0;0;0;1
1314;103;CUSTOMER_NAME;BOK_CUSTOMER_NAME;NVARCHAR;255;0;0;0;0;1;0;1
1315;103;BOOKING_DATE;BOK_BOOKING_DATE;DATE;0;0;0;0;0;1;0;1
1316;103;ORIGINAL_PICKUP_DATE;CURRENT_PICKUP_DATE;TIMESTAMP;0;0;0;0;0;0;0;1
1317;103;ORIGINAL_PICKUP_LOCATION;CURRENT_PICKUP_LOCATION;NVARCHAR;20;0;0;1;0;0;0;1
1318;103;PICKUP_DATE;PICKUP_DATE;TIMESTAMP;0;0;0;0;0;0;1;1
1319;103;PICKUP_LOCATION;PICKUP_LOCATION;NVARCHAR;20;0;0;0;0;0;1;1
1320;103;STREETTURN_TU_ID;TRIANGULATION_TU;NVARCHAR;20;0;0;0;0;0;1;1
1321;103;PLAN_STATUS;PLAN_STATUS;NVARCHAR;20;0;0;0;0;0;1;1
1322;103;BOOKING_REFERENCE;BOOKING_REFERENCE;VARCHAR;20;0;0;0;0;1;0;1
1323;103;MEANS_OF_TRANSPORTATION;MEANS_OF_TRANSPORT;VARCHAR;60;0;0;0;0;1;0;1
1324;103;CARRIER_POL;CARRIER_POL;VARCHAR;10;0;0;0;0;1;0;1
1325;103;VOYAGE_POL;VOYAGE_ID_FOR_POL;VARCHAR;35;0;0;0;0;1;0;1
1326;103;SPECIAL_INSTRUCTION_NAME;SPECIAL_INSTRUCTION;VARCHAR;30;0;0;1;0;1;0;1
1327;103;LAST_LOCATION_NAME;LAST_LOCATION;VARCHAR;22;0;0;1;0;1;0;1
1329;103;RESOURCE_NUMBER;RESOURCE_NUMBER;NVARCHAR;20;0;1;1;0;1;0;1
1330;103;SOURCE_LOCATION;SOURCE_LOCATION;NVARCHAR;20;0;1;1;0;1;0;1
1331;103;VESSEL_POL;VESSEL_NAME_FOR_POL;NVARCHAR;100;0;1;1;0;1;0;1
1332;103;LEASE_AGREEMENT;LEASE_AGREEMENT;NVARCHAR;20;0;1;1;0;1;0;1
1333;103;LEASE_TYPE;LEASE_TYPE;NVARCHAR;60;0;1;1;0;1;0;1
1334;103;CARRIER_POD;CARRIER_POD;VARCHAR;10;0;0;0;0;1;0;1
1335;103;ACTION;PICKUP_ACTION;DATE;0;0;0;0;0;0;1;1
1336;103;ASSIGN_STATUS;ASSIGN_STATUS;INTEGER;0;0;0;0;0;0;1;1
1337;103;LEASE_CONTRACT_TYPE;LEASE_CONTRACT_TYPE;NVARCHAR;100;0;1;1;0;1;0;1
1400;104;TRANSPORTATION_ID;TRANSPORTATION_UNIT;NVARCHAR;20;0;0;0;0;0;0;1
1401;104;TU_TYPE;BOK_TU_TYPE;NVARCHAR;2;0;0;0;0;0;0;1
1402;104;STATUS;EXECUTION_STATUS;NVARCHAR;60;0;1;1;0;0;0;1
1403;104;LIFECYCLE_STATUS;LIFECYCLE_STATUS;NVARCHAR;60;0;0;0;0;1;0;1
1404;104;SHIPPER;SHIPPER;NVARCHAR;10;0;0;1;0;0;0;1
1405;104;CONSIGNEE;CONSIGNEE;NVARCHAR;10;0;1;1;0;0;0;1
1406;104;RESOURCE_TYPE;RESOURCE_TYPE;NVARCHAR;10;0;1;1;0;0;0;1
1407;104;QUANTITY;QUANTITY;INTEGER;0;0;0;0;0;1;0;1
1408;104;ASSIGNED_CONTAINERS;BOK_ASSIGN_QUANTITY;INTEGER;0;0;0;0;0;1;0;1
1409;104;SOURCE_LOCATION;SOURCE_LOCATION;NVARCHAR;20;0;1;1;0;1;0;1
1410;104;POL_NAME;PORT_OF_LOADING;NVARCHAR;20;0;0;1;0;0;0;1
1411;104;POD_NAME;PORT_OF_DISCHARGE;NVARCHAR;20;0;1;1;0;0;0;1
1412;104;VESSEL_ARRIVAL_DATE;VESSEL_ARRIVAL_DATE;TIMESTAMP;0;0;0;0;0;1;0;1
1413;104;RELEVANT_PLANNING;HAULAGE_TYPE;INTEGER;0;0;0;0;0;0;0;1
1414;104;CUSTOMER_NAME;BOK_CUSTOMER_NAME;NVARCHAR;255;0;0;0;0;1;0;1
1415;104;BOOKING_DATE;BOK_BOOKING_DATE;DATE;0;0;0;0;0;1;0;1
1416;104;ORIGINAL_RETURN_DATE;CURRENT_RETURN_DATE;TIMESTAMP;0;0;0;0;0;0;0;1
1417;104;ORIGINAL_RETURN_LOCATION;CURRENT_RETURN_LOCATION;NVARCHAR;20;0;0;1;0;0;0;1
1418;104;RETURN_DATE;RETURN_DATE;TIMESTAMP;0;0;0;0;0;0;1;1
1419;104;RETURN_LOCATION;RETURN_LOCATION;NVARCHAR;20;0;0;0;0;0;1;1
1420;104;STREETTURN_TU_ID;TRIANGULATION_TU;NVARCHAR;20;0;0;0;0;0;1;1
1421;104;PLAN_STATUS;PLAN_STATUS;NVARCHAR;20;0;0;0;0;0;1;1
1424;104;MEANS_OF_TRANSPORTATION;MEANS_OF_TRANSPORT;VARCHAR;60;0;0;0;0;1;0;1
1425;104;SPECIAL_INSTRUCTION_NAME;SPECIAL_INSTRUCTION;VARCHAR;30;0;0;1;0;1;0;1
1426;104;LAST_LOCATION_NAME;LAST_LOCATION;VARCHAR;22;0;0;1;0;1;0;1
1427;104;LEASE_AGREEMENT;LEASE_AGREEMENT;VARCHAR;20;0;0;0;0;1;0;1
1428;104;LEASE_TYPE;LEASE_TYPE;VARCHAR;60;0;0;0;0;1;0;1
1429;104;RESOURCE_NUMBER;RESOURCE_NUMBER;NVARCHAR;20;0;1;1;0;1;0;1
1430;104;SOURCE_LOCATION;SOURCE_LOCATION;NVARCHAR;20;0;1;1;0;1;0;1
1431;104;VESSEL_POD;VESSEL_NAME_FOR_POD;NVARCHAR;100;0;1;1;0;1;0;1
1432;104;VOYAGE_POD;VOYAGE_ID_FOR_POD;NVARCHAR;100;0;1;1;0;1;0;1
1433;104;LEASE_AGREEMENT;LEASE_AGREEMENT;NVARCHAR;20;0;1;1;0;1;0;1
1434;104;LEASE_TYPE;LEASE_TYPE;NVARCHAR;60;0;1;1;0;1;0;1
1435;104;CARRIER_POL;CARRIER_POL;VARCHAR;10;0;0;0;0;1;0;1
1436;104;CARRIER_POD;CARRIER_POD;VARCHAR;10;0;0;0;0;1;0;1
1437;104;ACTION;RETURN_ACTION;DATE;0;0;0;0;0;0;1;1
1438;104;DESTINATION_LOCATION;DESTINATION_LOCATION;NVARCHAR;20;0;1;1;0;1;0;1
1439;104;BOOKING_REFERENCE;BOOKING_REFERENCE;VARCHAR;20;0;0;0;0;1;0;1
1440;103;ASSIGN_STATUS;ASSIGN_STATUS;INTEGER;0;0;0;0;0;0;1;1
1441;104;LEASE_CONTRACT_TYPE;LEASE_CONTRACT_TYPE;NVARCHAR;100;0;1;1;0;1;0;1
1501;105;DOCUMENT;DOCUMENT;VARCHAR;30;0;1;0;0;0;0;0
1502;105;DOCUMENT_TYPE;DOCUMENT_TYPE;VARCHAR;200;0;1;0;0;1;0;1
1503;105;SOURCE_LOCATION;SOURCE_LOCATION;VARCHAR;20;0;1;0;0;0;0;0
1504;105;SOURCE_LOCATION_ADDR;SOURCE_LOCATION_ADDR;VARCHAR;200;0;1;0;0;1;0;1
1505;105;DESTINATION_LOCATION;DESTINATION_LOCATION;VARCHAR;20;0;1;0;0;0;0;0
1506;105;DESTINATION_LOCATION_ADDR;DESTINATION_LOCATION_ADDR;VARCHAR;200;0;1;0;0;1;0;1
1507;105;COMPLIANCE_STATUS_TXT;COMPLIANCE_STATUS_TXT;VARCHAR;30;0;1;0;0;1;0;1
1508;105;CREATION_TYPE_TXT;CREATION_TYPE_TXT;VARCHAR;30;0;1;0;0;1;0;1
1509;105;SCHEDULE_ID;SCHEDULE_ID;VARCHAR;60;0;1;0;0;0;0;0
1510;105;LIFECYCLE_STATUS_TXT;LIFECYCLE_STATUS_TXT;VARCHAR;20;0;1;0;0;1;0;0
1511;105;EXECUTION_STATUS_TXT;EXECUTION_STATUS_TXT;VARCHAR;20;0;1;0;0;1;0;0
1512;105;STOCK;STOCK;VARCHAR;60;0;1;1;0;0;0;0
1513;105;RESPONSIBLE_PERSON;RESPONSIBLE_PERSON;VARCHAR;60;0;1;0;0;0;0;0
1514;105;CUSTOMS;CUSTOMS;VARCHAR;60;0;1;0;0;1;0;1
1515;105;SHIPPER;SHIPPER;VARCHAR;60;0;1;0;0;1;0;0
1516;105;CONSIGNEE;CONSIGNEE;VARCHAR;60;0;1;0;0;1;0;0
1518;105;TRMODCOD;TRMODCOD;VARCHAR;30;0;1;0;0;1;0;1
1519;105;PARTNER_REF_ID;PARTNER_REF_ID;VARCHAR;30;0;1;0;0;1;0;1
1520;105;PARTNER_MBL_ID;PARTNER_MBL_ID;VARCHAR;30;0;1;0;0;1;0;1
1521;105;MTR;MTR;VARCHAR;60;0;0;0;0;1;0;1
1522;105;DEPARTURE_TIME;DEPARTURE_TIME;DATE;0;0;1;1;0;1;0;1
1523;105;ARRIVAL_TIME;ARRIVAL_TIME;DATE;0;0;1;1;0;1;0;1
1524;105;CARRIER;CARRIER;VARCHAR;60;0;0;0;0;1;0;0
1525;105;PURCHASE_ORGANIZATION;PURCHASE_ORGANIZATION;VARCHAR;60;0;0;0;0;1;0;0
1526;105;PURCH_GRP_ID;PURCH_GRP_ID;VARCHAR;60;0;0;0;0;1;0;1
1527;105;MAX_UTIL;MAX_UTIL;DECIMAL;18;4;1;0;0;1;0;1
1528;105;FIRST_SHP_TRANSM;FIRST_SHP_TRANSM;DATE;0;0;1;1;0;1;0;1
1529;105;ERP_SHPM_BTDID;ERP_SHPM_BTDID;VARCHAR;60;0;0;0;0;1;0;1
1530;105;LAST_SHPM_TRANSM;LAST_SHPM_TRANSM;DATE;0;0;1;1;0;1;0;1
1532;105;ERP_SHPM_TYPE;ERP_SHPM_TYPE;VARCHAR;255;0;0;0;0;1;0;1
1533;105;LAST_LOCATION;LAST_LOCATION;VARCHAR;60;0;1;0;0;0;0;0
1534;105;NEXT_PLANNED_LOCATION;NEXT_PLANNED_LOCATION;VARCHAR;60;0;1;0;0;0;0;0
1535;105;MAX_UTIL_MASS;MAX_UTIL_MASS;VARCHAR;30;0;0;0;0;1;0;1
1536;105;DOC_CHECK_STATUS_TXT;DOC_CHECK_STATUS_TXT;VARCHAR;30;0;0;0;0;1;0;1
1537;105;CROSS_DOC_CHECK_STATUS_TXT;CROSS_DOC_CHECK_STATUS_TXT;VARCHAR;30;0;0;0;0;1;0;1
1538;105;VOYAGE;VOYAGE;VARCHAR;100;0;1;0;0;0;0;0
1539;105;VESSEL_ID;VESSEL;VARCHAR;100;0;1;1;0;1;0;1
1601;106;LOCATION;LOCATION;VARCHAR;22;0;0;1;0;0;0;0
1602;106;RESOURCE_TYPE;RESOURCE_TYPE;VARCHAR;200;0;1;0;0;0;0;0
1603;106;SCHEDULE_ID;SCHEDULE_ID;VARCHAR;60;0;1;0;0;0;0;0
1604;106;VOYAGE_ID;VOYAGE_ID;VARCHAR;60;0;1;0;0;0;0;0
1605;106;ACTIVE_RESOURCE_ID;ACTIVE_RESOURCE_ID;VARCHAR;60;0;1;0;0;0;0;0
1607;106;FREIGHT_BOOKING_ID;FREIGHT_BOOKING_ID;VARCHAR;60;0;1;0;0;0;0;0
1608;106;DEPARTURE_TIME;DEPARTURE_TIME;DATE;0;0;1;1;0;1;0;0
1609;106;LADEN_LOAD_QUANTITY;LADEN_LOAD_QUANTITY;VARCHAR;10;0;1;1;0;0;0;0
1610;106;LADEN_DISCHARGE_QUANTITY;LADEN_DISCHARGE_QUANTITY;VARCHAR;10;0;1;1;0;0;0;0
1611;106;EMPTY_LOAD_QUANTITY;EMPTY_LOAD_QUANTITY;VARCHAR;10;0;1;1;0;0;0;0
1612;106;EMPTY_DISCHARGE_QUANTITY;EMPTY_DISCHARGE_QUANTITY;VARCHAR;10;0;1;1;0;0;0;0
2100;201;ORDER_ID;BOK_TRANSPORTATION_UNIT;NVARCHAR;20;0;0;0;0;0;0;1
2101;201;TU_TYPE;BOK_TU_TYPE;NVARCHAR;2;0;1;1;0;0;0;0
2102;201;CUSTOMER_NAME;BOK_CUSTOMER_NAME;NVARCHAR;35;0;1;0;0;1;0;1
2103;201;RESOURCE_TYPE;BOK_RESOURCE_TYPE;NVARCHAR;10;0;1;1;0;0;0;0
2104;201;QUANTITY;BOK_QUANTITY;INTEGER;0;0;0;0;0;1;0;0
2105;201;ASSIGN_QUANTITY;BOK_ASSIGN_RESOURCE;INTEGER;0;0;0;0;0;1;0;0
2106;201;PLANNED_DEPARTURE_TIME;BOK_PLANNED_DEPARTURE_TIME;DATE;0;0;0;0;0;1;0;0
2107;201;SOURCE_LOCATION;BOK_SOURCE_LOCATION;NVARCHAR;20;0;0;0;0;1;0;1
2108;201;PLANNED_ARRIVAL_TIME;PLANNED_ARRIVAL_TIME;DATE;0;0;0;0;0;1;0;0
2109;201;DESTINATION_LOCATION;BOK_DESTINATION_LOCATION;NVARCHAR;20;0;1;0;0;1;0;0
2110;201;SHIPPER;BOK_SHIPPER;NVARCHAR;255;0;1;0;0;1;0;1
2111;201;PORT_OF_LOADING;BOK_STATION_OF_LOADING;NVARCHAR;255;0;0;0;0;1;0;1
2112;201;PORT_OF_DISCHARGE;BOK_STATION_OF_DISCHARGE;NVARCHAR;255;0;1;0;0;1;0;1
2113;201;CONSIGNEE;BOK_CONSIGNEE;NVARCHAR;255;0;1;0;0;1;0;1
2114;201;BOOKING_DATE;BOK_ORDER_DATE;DATE;0;0;0;0;0;1;0;1
2115;201;HAULAGE_TYPE;BOK_HAULAGE_TYPE;INTEGER;0;0;0;1;0;0;0;0
2116;201;EXECUTION_STATUS;BOK_EXECUTION_STATUS;NVARCHAR;255;0;1;1;0;0;0;0
2117;201;LIFECYCLE_STATUS;BOK_LIFECYCLE_STATUS;NVARCHAR;255;0;0;1;0;0;0;0
2118;201;ACTION;BOK_ACTION;DATE;0;0;0;0;0;0;1;0
2119;201;VESSEL_CUTOFF_UTC;TRAIN_CUTOFF_DATE;TIMESTAMP;0;0;0;0;0;1;0;1
2120;201;VESSEL_POL;TRAIN_NAME_FOR_SOL;VARCHAR;100;0;0;1;0;1;0;1
2121;201;LEASE_AGREEMENT;LEASE_AGREEMENT;VARCHAR;20;0;1;1;0;0;0;0
2122;201;LEASE_TYPE;LEASE_TYPE;VARCHAR;60;0;1;1;0;0;0;0
2123;201;SPECIAL_INSTRUCTION_NAME;SPECIAL_INSTRUCTION;VARCHAR;30;0;1;1;0;0;0;0
2124;201;VESSEL_POD;TRAIN_NAME_FOR_SOD;VARCHAR;100;0;0;1;0;1;0;1
2125;201;VOYAGE_POL;TRAIN_ID_FOR_SOL;VARCHAR;100;0;0;1;0;1;0;1
2126;201;VOYAGE_POD;TRAIN_ID_FOR_SOD;VARCHAR;100;0;0;1;0;1;0;0
2127;201;BOOKING_REFERENCE;ORDER_REFERENCE;VARCHAR;20;0;0;1;0;1;0;1
2128;201;RESOURCE_NUMBER;RESOURCE_NUMBER;VARCHAR;20;0;0;1;0;1;0;0
2129;201;MEANS_OF_TRANSPORTATION;MEANS_OF_TRANSPORT;VARCHAR;60;0;0;1;0;1;0;1
2130;201;CARRIER_POL;CARRIER_SOL;VARCHAR;40;0;0;1;0;1;0;1
2131;201;PICKUP_LOCATION_NAME;BOK_PICKUP_LOCATION;VARCHAR;20;0;1;1;0;1;0;1
2132;201;PICKUP_DATE;BOK_PICKUP_DATE;DATE;0;0;0;1;0;1;0;1
2133;201;RETURN_LOCATION_NAME;BOK_RETURN_LOCATION;VARCHAR;20;0;0;1;0;1;0;1
2134;201;RETURN_DATE;BOK_RETURN_DATE;DATE;0;0;0;1;0;1;0;1
2135;201;VESSEL_ARRIVAL_DATE;TRAIN_ARRIVAL_DATE;DATE;0;0;0;1;0;1;0;1
2136;201;RESOURCE_LAST_LOCATION;RESOURCE_LAST_LOCATION;VARCHAR;20;0;0;1;0;1;0;0
2201;202;RESOURCE_NAME;RESOURCE_NAME;VARCHAR;30;0;1;0;0;0;0;0
2202;202;RESOURCE_TYPE_DESC;RESOURCE_TYPE_DESC;VARCHAR;200;0;1;0;0;0;0;0
2203;202;TARE_WEIGHT;RESOURCE_TARE_WEIGHT;DECIMAL;18;4;1;0;0;1;0;1
2204;202;MAX_GROSS_WEIGHT;RESOURCE_MAX_GROSS_WEIGHT;DECIMAL;18;4;1;0;0;1;0;1
2205;202;INSIDE_LENGTH;RESOURCE_INSIDE_LENGTH;DECIMAL;18;4;1;0;0;1;0;1
2206;202;INSIDE_WIDTH;RESOURCE_INSIDE_WIDTH;DECIMAL;18;4;1;0;0;1;0;1
2207;202;INSIDE_HEIGHT;RESOURCE_INSIDE_HEIGHT;DECIMAL;18;4;1;0;0;1;0;1
2208;202;DOOR_WIDTH;RESOURCE_DOOR_WIDTH;DECIMAL;18;4;1;0;0;1;0;1
2209;202;DOOR_HEIGHT;RESOURCE_DOOR_HEIGHT;DECIMAL;18;4;1;0;0;1;0;1
2210;202;MAX_LENGTH;RESOURCE_MAXIMUM_LENGTH;DECIMAL;18;4;1;0;0;1;0;1
2211;202;VOLUME;RESOURCE_VOLUME;DECIMAL;18;4;1;0;0;1;0;1
2212;202;BUILT_DATE;RESOURCE_DATE_OF_BUILT;DATE;0;0;1;0;0;1;0;1
2213;202;OWNERSHIP;OWNERSHIP;VARCHAR;10;0;1;1;0;0;0;1
2248;202;MOVEMENT_STATUS_CODE;RESOURCE_MOVEMENT_STATUS;VARCHAR;40;0;1;1;0;0;0;1
2214;202;MOVEMENT_STATUS;RESOURCE_MOVEMENT_STATUS_DESC;VARCHAR;40;0;1;1;0;1;0;1
2215;202;LOADING_STATUS;RESOURCE_LOADING_STATUS;VARCHAR;40;0;1;1;0;1;0;1
2216;202;RESOURCE_CONDITION;RESOURCE_CONDITION;VARCHAR;2;0;1;1;0;0;0;0
2217;202;FOOD_GRADE;RESOURCE_FOOD_GRADE;VARCHAR;2;0;1;1;0;0;0;1
2218;202;LAST_CARGO;RESOURCE_LAST_CARGO;VARCHAR;30;0;1;1;0;1;0;0
2219;202;CURRENT_RESPONSIBLE_TU;RESOURCE_CURRENT_RESPONSIBLE_TU;VARCHAR;20;0;1;1;0;1;0;1
2220;202;NEXT_STOP;RESOURCE_NEXT_STOP;VARCHAR;22;0;1;1;0;1;0;0
2221;202;FINAL_DESTINATION;RESOURCE_FINAL_DESTINATION;VARCHAR;22;0;1;1;0;1;0;0
2222;202;IDLE_DAYS;RESOURCE_IDLE_DAYS;INTEGER;0;0;1;0;0;1;0;0
2223;202;LEASING_ID;RESOURCE_LEASING_ID;VARCHAR;20;0;1;1;0;0;0;0
2224;202;MAX_WIDTH;RESOURCE_MAXIMUM_WIDTH;DECIMAL;13;3;1;0;0;1;0;1
2225;202;MAX_HEIGHT;RESOURCE_MAXIMUM_HEIGHT;DECIMAL;13;3;1;0;0;1;0;1
2226;202;VENTILATED;RESOURCE_VENTILATED;NVARCHAR;1;0;1;1;0;1;0;1
2227;202;TEMP_CONTROL;RESOURCE_TEMPERATURE_INDICATOR;NVARCHAR;1;0;1;1;0;1;0;1
2228;202;TEMP_CTRL_MIN;RESOURCE_MIN_CONTROL_TEMPERATURE;DECIMAL;7;2;1;0;0;1;0;1
2229;202;TEMP_CTRL_MAX;RESOURCE_MAX_CONTROL_TEMPERATURE;DECIMAL;7;2;1;0;0;1;0;1
2230;202;SHIPPER_OWNED;RESOURCE_SHIPPER_OWNED;NVARCHAR;1;0;1;1;0;1;0;1
2231;202;RESOURCE_TYPE_CODE;RESOURCE_TYPE;VARCHAR;200;0;1;1;0;0;0;1
2232;202;OFF_HIRE_DT;RESOURCE_OFF_HIRE_DATE;DATE;0;0;1;0;0;1;0;1
2233;202;ON_HIRE_DT;RESOURCE_ON_HIRE_DATE;DATE;0;0;1;0;0;1;0;1
2234;202;RESOURCE_STATUS;RESOURCE_STATUS;VARCHAR;20;0;1;1;0;0;0;0
2235;202;PAYLOAD_WEIGHT;RESOURCE_MAXIMUM_PAYLOAD_WEIGHT;DECIMAL;13;3;1;0;0;1;0;1
2236;202;PLATFORM_HEIGHT;RESOURCE_PLATFORM_HEIGHT;DECIMAL;13;3;1;0;0;1;0;1
2237;202;TOPDECK_HEIGHT;RESOURCE_TOPDECK_HEIGHT;DECIMAL;13;3;1;0;0;1;0;1
2238;202;LOAD_OPENING_LENGTH;RESOURCE_LOAD_OPENING_LENGTH;DECIMAL;13;3;1;0;0;1;0;1
2239;202;LOAD_OPENING_WIDTH;RESOURCE_LOAD_OPENING_WIDTH;DECIMAL;13;3;1;0;0;1;0;1
2240;202;AXLE_COUNT;AXLE_COUNT;INTEGER;0;0;0;0;0;1;0;1
2241;202;AXLE_SPACNG_DIST;AXLE_SPACNG_DIST;DECIMAL;13;3;1;0;0;1;0;1
2242;202;MAX_AXLE_WEIGHT;MAX_AXLE_WEIGHT;DECIMAL;13;3;1;0;0;1;0;1
2243;202;WHEEL_DIAMETER;WHEEL_DIAMETER;DECIMAL;13;3;1;0;0;1;0;1
2244;202;WHEEL_BEARNG_TYPE;WHEEL_BEARNG_TYPE;NVARCHAR;1;0;1;1;0;1;0;1
2245;202;DRAFT_GEAR_TYPE;DRAFT_GEAR_TYPE;NVARCHAR;1;0;1;1;0;1;0;1
2246;202;COUPLERSTYLE;COUPLERSTYLE;NVARCHAR;1;0;1;1;0;1;0;1
2247;202;CURRENT_LOCATION;RESOURCE_CURRENT_LOCATION;VARCHAR;40;0;1;1;0;0;0;0
2300;203;TRANSPORTATION_ID;TRANSPORTATION_UNIT;NVARCHAR;20;0;0;0;0;0;0;1
2301;203;TU_TYPE;BOK_TU_TYPE;NVARCHAR;2;0;0;0;0;0;0;1
2302;203;STATUS;EXECUTION_STATUS;NVARCHAR;60;0;1;1;0;0;0;1
2303;203;LIFECYCLE_STATUS;BOK_LIFECYCLE_STATUS;NVARCHAR;60;0;0;0;0;1;0;1
2304;203;SHIPPER;SHIPPER;NVARCHAR;10;0;1;1;0;0;0;1
2305;203;CONSIGNEE;CONSIGNEE;NVARCHAR;10;0;0;1;0;0;0;1
2306;203;RESOURCE_TYPE;RESOURCE_TYPE;NVARCHAR;10;0;1;1;0;0;0;1
2307;203;QUANTITY;QUANTITY;INTEGER;0;0;0;0;0;1;0;1
2308;203;ASSIGNED_CONTAINERS;BOK_ASSIGN_QUANTITY;INTEGER;0;0;0;0;0;1;0;1
2309;203;DESTINATION_LOCATION;BOK_DESTINATION_LOCATION;NVARCHAR;20;0;1;1;0;1;0;1
2310;203;POL_NAME;STATION_OF_LOADING;NVARCHAR;20;0;1;1;0;0;0;1
2311;203;POD_NAME;STATION_OF_DISCHARGE;NVARCHAR;20;0;0;1;0;0;0;1
2312;203;RELEVANT_PLANNING;BOK_HAULAGE_TYPE;INTEGER;0;0;0;0;0;0;0;1
2313;203;CUSTOMER_NAME;BOK_CUSTOMER_NAME;NVARCHAR;255;0;0;0;0;1;0;1
2314;203;BOOKING_DATE;ORDER_DATE;DATE;0;0;0;0;0;1;0;1
2315;203;ORIGINAL_PICKUP_DATE;CURRENT_PICKUP_DATE;TIMESTAMP;0;0;0;0;0;0;0;1
2316;203;ORIGINAL_PICKUP_LOCATION;CURRENT_PICKUP_LOCATION;NVARCHAR;20;0;0;1;0;0;0;1
2317;203;PICKUP_DATE;PICKUP_DATE;TIMESTAMP;0;0;0;0;0;0;1;1
2318;203;PICKUP_LOCATION;PICKUP_LOCATION;NVARCHAR;20;0;0;0;0;0;1;1
2319;203;STREETTURN_TU_ID;TRIANGULATION_TU;NVARCHAR;20;0;0;0;0;0;1;1
2320;203;PLAN_STATUS;PLAN_STATUS;NVARCHAR;20;0;0;0;0;0;1;1
2321;203;BOOKING_REFERENCE;ORDER_REFERENCE;VARCHAR;20;0;0;0;0;1;0;1
2322;203;MEANS_OF_TRANSPORTATION;MEANS_OF_TRANSPORT;VARCHAR;60;0;0;0;0;1;0;1
2323;203;CARRIER_POL;CARRIER_SOL;VARCHAR;10;0;0;0;0;1;0;1
2324;203;VOYAGE_POL;TRAIN_NUMBER_FOR_SOL;VARCHAR;35;0;0;0;0;1;0;1
2325;203;SPECIAL_INSTRUCTION_NAME;SPECIAL_INSTRUCTION;VARCHAR;30;0;0;1;0;1;0;1
2326;203;LAST_LOCATION_NAME;LAST_LOCATION;VARCHAR;22;0;0;1;0;1;0;1
2327;203;RESOURCE_NUMBER;RESOURCE_NUMBER;NVARCHAR;20;0;1;1;0;1;0;1
2328;203;SOURCE_LOCATION;BOK_SOURCE_LOCATION;NVARCHAR;20;0;1;1;0;1;0;1
2329;203;LEASE_AGREEMENT;LEASE_AGREEMENT;NVARCHAR;20;0;1;1;0;1;0;1
2330;203;LEASE_TYPE;LEASE_TYPE;NVARCHAR;60;0;1;1;0;1;0;1
2331;203;CARRIER_POD;CARRIER_SOD;VARCHAR;10;0;0;0;0;1;0;1
2332;203;ACTION;PICKUP_ACTION;DATE;0;0;0;0;0;0;1;1
2400;204;TRANSPORTATION_ID;TRANSPORTATION_UNIT;NVARCHAR;20;0;0;0;0;1;0;1
2401;204;TU_TYPE;BOK_TU_TYPE;NVARCHAR;2;0;0;0;0;0;0;1
2402;204;STATUS;EXECUTION_STATUS;NVARCHAR;60;0;1;1;0;0;0;1
2403;204;LIFECYCLE_STATUS;LIFECYCLE_STATUS;NVARCHAR;60;0;0;0;0;1;0;1
2404;204;SHIPPER;SHIPPER;NVARCHAR;10;0;0;1;0;0;0;1
2405;204;CONSIGNEE;CONSIGNEE;NVARCHAR;10;0;1;1;0;0;0;1
2406;204;RESOURCE_TYPE;RESOURCE_TYPE;NVARCHAR;10;0;1;1;0;0;0;1
2407;204;QUANTITY;QUANTITY;INTEGER;0;0;0;0;0;1;0;1
2408;204;ASSIGNED_CONTAINERS;BOK_ASSIGN_QUANTITY;INTEGER;0;0;0;0;0;1;0;1
2409;204;SOURCE_LOCATION;BOK_SOURCE_LOCATION;NVARCHAR;20;0;1;1;0;1;0;1
2410;204;POL_NAME;STATION_OF_LOADING;NVARCHAR;20;0;0;1;0;0;0;1
2411;204;POD_NAME;STATION_OF_DISCHARGE;NVARCHAR;20;0;1;1;0;0;0;1
2412;204;RELEVANT_PLANNING;HAULAGE_TYPE;INTEGER;0;0;0;0;0;0;0;1
2413;204;CUSTOMER_NAME;BOK_CUSTOMER_NAME;NVARCHAR;255;0;0;0;0;1;0;1
2414;204;BOOKING_DATE;ORDER_DATE;DATE;0;0;0;0;0;1;0;1
2415;204;ORIGINAL_RETURN_DATE;CURRENT_RETURN_DATE;TIMESTAMP;0;0;0;0;0;0;0;1
2416;204;ORIGINAL_RETURN_LOCATION;CURRENT_RETURN_LOCATION;NVARCHAR;20;0;0;1;0;0;0;1
2417;204;RETURN_DATE;RETURN_DATE;TIMESTAMP;0;0;0;0;0;0;1;1
2418;204;RETURN_LOCATION;RETURN_LOCATION;NVARCHAR;20;0;0;0;0;0;1;1
2420;204;STREETTURN_TU_ID;TRIANGULATION_TU;NVARCHAR;20;0;0;0;0;0;1;1
2421;204;PLAN_STATUS;PLAN_STATUS;NVARCHAR;20;0;0;0;0;0;1;1
2422;204;MEANS_OF_TRANSPORTATION;MEANS_OF_TRANSPORT;VARCHAR;60;0;0;0;0;1;0;1
2423;204;SPECIAL_INSTRUCTION_NAME;SPECIAL_INSTRUCTION;VARCHAR;30;0;0;1;0;1;0;1
2424;204;LAST_LOCATION_NAME;LAST_LOCATION;VARCHAR;22;0;0;1;0;1;0;1
2425;204;LEASE_AGREEMENT;LEASE_AGREEMENT;VARCHAR;20;0;0;0;0;1;0;1
2426;204;LEASE_TYPE;LEASE_TYPE;VARCHAR;60;0;0;0;0;1;0;1
2427;204;RESOURCE_NUMBER;RESOURCE_NUMBER;NVARCHAR;20;0;1;1;0;1;0;1
2428;204;VOYAGE_POD;TRAIN_NUMBER_FOR_SOL;NVARCHAR;100;0;1;1;0;1;0;1
2429;204;LEASE_AGREEMENT;LEASE_AGREEMENT;NVARCHAR;20;0;1;1;0;1;0;1
2430;204;LEASE_TYPE;LEASE_TYPE;NVARCHAR;60;0;1;1;0;1;0;1
2431;204;CARRIER_POL;CARRIER_SOL;VARCHAR;10;0;0;0;0;1;0;1
2432;204;CARRIER_POD;CARRIER_SOD;VARCHAR;10;0;0;0;0;1;0;1
2433;204;ACTION;RETURN_ACTION;DATE;0;0;0;0;0;0;1;1
2434;204;DESTINATION_LOCATION;BOK_DESTINATION_LOCATION;NVARCHAR;20;0;1;1;0;1;0;1
2435;204;BOOKING_REFERENCE;ORDER_REFERENCE;VARCHAR;20;0;0;0;0;1;0;1
2501;205;DOCUMENT;DOCUMENT;VARCHAR;30;0;1;0;0;0;0;0
2502;205;DOCUMENT_TYPE;DOCUMENT_TYPE;VARCHAR;200;0;1;0;0;1;0;1
2503;205;SOURCE_LOCATION;BOK_SOURCE_LOCATION;VARCHAR;20;0;0;0;0;0;0;0
2504;205;SOURCE_LOCATION_ADDR;SOURCE_LOCATION_ADDR;VARCHAR;200;0;1;0;0;1;0;1
2505;205;DESTINATION_LOCATION;BOK_DESTINATION_LOCATION;VARCHAR;20;0;1;0;0;0;0;0
2506;205;DESTINATION_LOCATION_ADDR;DESTINATION_LOCATION_ADDR;VARCHAR;200;0;1;0;0;1;0;1
2507;205;COMPLIANCE_STATUS_TXT;COMPLIANCE_STATUS_TXT;VARCHAR;30;0;1;0;0;1;0;1
2508;205;CREATION_TYPE_TXT;CREATION_TYPE_TXT;VARCHAR;30;0;1;0;0;1;0;1
2509;205;SCHEDULE_ID;SCHEDULE_ID;VARCHAR;60;0;1;0;0;0;0;0
2510;205;LIFECYCLE_STATUS_TXT;LIFECYCLE_STATUS_TXT;VARCHAR;20;0;1;0;0;1;0;0
2511;205;EXECUTION_STATUS_TXT;EXECUTION_STATUS_TXT;VARCHAR;20;0;1;0;0;1;0;0
2512;205;STOCK;STOCK;VARCHAR;60;0;1;1;0;0;0;0
2513;205;RESPONSIBLE_PERSON;RESPONSIBLE_PERSON;VARCHAR;60;0;1;0;0;0;0;0
2514;205;CUSTOMS;CUSTOMS;VARCHAR;60;0;1;0;0;1;0;1
2515;205;SHIPPER;SHIPPER;VARCHAR;60;0;1;0;0;1;0;0
2516;205;CONSIGNEE;CONSIGNEE;VARCHAR;60;0;1;0;0;1;0;0
2518;205;TRMODCOD;TRMODCOD;VARCHAR;30;0;1;0;0;1;0;1
2519;205;PARTNER_REF_ID;PARTNER_REF_ID;VARCHAR;30;0;1;0;0;1;0;1
2520;205;PARTNER_MBL_ID;PARTNER_MBL_ID;VARCHAR;30;0;1;0;0;1;0;1
2521;205;MTR;MTR;VARCHAR;60;0;0;0;0;1;0;1
2522;205;DEPARTURE_TIME;DEPARTURE_TIME;DATE;0;0;1;1;0;1;0;1
2523;205;ARRIVAL_TIME;ARRIVAL_TIME;DATE;0;0;1;1;0;1;0;1
2524;205;CARRIER;CARRIER;VARCHAR;60;0;0;0;0;1;0;0
2525;205;PURCHASE_ORGANIZATION;PURCHASE_ORGANIZATION;VARCHAR;60;0;0;0;0;1;0;0
2526;205;PURCH_GRP_ID;PURCH_GRP_ID;VARCHAR;60;0;0;0;0;1;0;1
2527;205;MAX_UTIL;MAX_UTIL;DECIMAL;18;4;1;0;0;1;0;1
2528;205;FIRST_SHP_TRANSM;FIRST_SHP_TRANSM;DATE;0;0;1;1;0;1;0;1
2529;205;ERP_SHPM_BTDID;ERP_SHPM_BTDID;VARCHAR;60;0;0;0;0;1;0;1
2530;205;LAST_SHPM_TRANSM;LAST_SHPM_TRANSM;DATE;0;0;1;1;0;1;0;1
2532;205;ERP_SHPM_TYPE;ERP_SHPM_TYPE;VARCHAR;255;0;0;0;0;1;0;1
2533;205;LAST_LOCATION;LAST_LOCATION;VARCHAR;60;0;1;0;0;0;0;0
2534;205;NEXT_PLANNED_LOCATION;NEXT_PLANNED_LOCATION;VARCHAR;60;0;1;0;0;0;0;0
2535;205;MAX_UTIL_MASS;MAX_UTIL_MASS;VARCHAR;30;0;0;0;0;1;0;1
2536;205;DOC_CHECK_STATUS_TXT;DOC_CHECK_STATUS_TXT;VARCHAR;30;0;0;0;0;1;0;1
2537;205;CROSS_DOC_CHECK_STATUS_TXT;CROSS_DOC_CHECK_STATUS_TXT;VARCHAR;30;0;0;0;0;1;0;1
2538;205;VOYAGE;TRAIN_ID;VARCHAR;100;0;1;0;0;0;0;0
2601;206;FREIGHT_BOOKING_ID;FREIGHT_BOOKING_ID;VARCHAR;60;0;1;0;0;0;0;0
2602;206;LOCATION;LOCATION;VARCHAR;22;0;0;1;0;0;0;0
2603;206;RESOURCE_TYPE;RESOURCE_TYPE;VARCHAR;200;0;1;0;0;0;0;0
2604;206;SCHEDULE_ID;SCHEDULE_ID;VARCHAR;60;0;1;0;0;0;0;0
2605;206;TRAIN_ID;TRAIN_ID;VARCHAR;60;0;1;0;0;0;0;0
2606;206;ACTIVE_RESOURCE_ID;ACTIVE_RESOURCE_ID;VARCHAR;60;0;1;0;0;0;0;0
2607;206;DEPARTURE_TIME;DEPARTURE_TIME;DATE;0;0;1;1;0;1;0;0
2608;206;LADEN_LOAD_QUANTITY;LADEN_LOAD_QUANTITY;VARCHAR;10;0;1;1;0;0;0;0
2609;206;LADEN_DISCHARGE_QUANTITY;LADEN_DISCHARGE_QUANTITY;VARCHAR;10;0;1;1;0;0;0;0
2610;206;EMPTY_LOAD_QUANTITY;EMPTY_LOAD_QUANTITY;VARCHAR;10;0;1;1;0;0;0;0
2611;206;EMPTY_DISCHARGE_QUANTITY;EMPTY_DISCHARGE_QUANTITY;VARCHAR;10;0;1;1;0;0;0;0
3100;301;ORDER_ID;BOK_TRANSPORTATION_UNIT;NVARCHAR;20;0;0;0;0;0;0;1
3101;301;TU_TYPE;BOK_TU_TYPE;NVARCHAR;2;0;1;1;0;0;0;0
3102;301;CUSTOMER_NAME;BOK_CUSTOMER_NAME;NVARCHAR;35;0;1;0;0;1;0;1
3103;301;RESOURCE_TYPE;BOK_RESOURCE_TYPE;NVARCHAR;10;0;1;1;0;0;0;0
3104;301;QUANTITY;BOK_QUANTITY;INTEGER;0;0;0;0;0;1;0;0
3105;301;ASSIGN_QUANTITY;BOK_ASSIGN_RESOURCE;INTEGER;0;0;0;0;0;1;0;0
3106;301;PLANNED_DEPARTURE_TIME;BOK_PLANNED_DEPARTURE_TIME;DATE;0;0;0;0;0;1;0;0
3107;301;SOURCE_LOCATION;BOK_SOURCE_LOCATION;NVARCHAR;20;0;1;0;0;1;0;0
3108;301;PLANNED_ARRIVAL_TIME;PLANNED_ARRIVAL_TIME;DATE;0;0;0;0;0;1;0;0
3109;301;DESTINATION_LOCATION;BOK_DESTINATION_LOCATION;NVARCHAR;20;0;1;0;0;1;0;0
3110;301;SHIPPER;BOK_SHIPPER;NVARCHAR;255;0;1;0;0;1;0;1
3111;301;PORT_OF_LOADING;LOADING_LOCATION;NVARCHAR;255;0;0;0;0;1;0;1
3112;301;PORT_OF_DISCHARGE;DISCHARGE_LOCATION;NVARCHAR;255;0;1;0;0;1;0;1
3113;301;CONSIGNEE;BOK_CONSIGNEE;NVARCHAR;255;0;0;0;0;1;0;1
3114;301;BOOKING_DATE;BOOK_ORDER_DATE;DATE;0;0;0;0;0;1;0;1
3115;301;HAULAGE_TYPE;BOK_HAULAGE_TYPE;INTEGER;0;0;0;1;0;0;0;0
3116;301;EXECUTION_STATUS;BOK_EXECUTION_STATUS;NVARCHAR;255;0;1;1;0;0;0;0
3117;301;LIFECYCLE_STATUS;BOK_LIFECYCLE_STATUS;NVARCHAR;255;0;0;1;0;0;0;0
3118;301;ACTION;BOK_ACTION;DATE;0;0;0;0;0;0;1;0
3119;301;VESSEL_CUTOFF_UTC;VEHICLE_CUTOFF_DATE;TIMESTAMP;0;0;0;0;0;1;0;1
3120;301;VESSEL_POL;VEHICLENAME_LOADING_LOCATION;VARCHAR;100;0;0;1;0;1;0;1
3121;301;LEASE_AGREEMENT;LEASE_AGREEMENT;VARCHAR;20;0;1;1;0;0;0;0
3122;301;LEASE_TYPE;LEASE_TYPE;VARCHAR;60;0;1;1;0;0;0;0
3123;301;SPECIAL_INSTRUCTION_NAME;SPECIAL_INSTRUCTION;VARCHAR;30;0;1;1;0;0;0;0
3124;301;VESSEL_POD;VEHICLENAME_DISCHARGE_LOCATION;VARCHAR;100;0;0;1;0;1;0;0
3125;301;VOYAGE_POL;VEHICLEID_LOADING_LOCATION;VARCHAR;100;0;0;1;0;1;0;1
3126;301;VOYAGE_POD;VEHICLEID_DISCHARGE_LOCATION;VARCHAR;100;0;0;1;0;1;0;1
3127;301;BOOKING_REFERENCE;BOOK_ORDER_REFERENCE;VARCHAR;20;0;0;1;0;1;0;1
3128;301;RESOURCE_NUMBER;RESOURCE_NUMBER;VARCHAR;20;0;0;1;0;1;0;0
3129;301;MEANS_OF_TRANSPORTATION;MEANS_OF_TRANSPORT;VARCHAR;60;0;0;1;0;1;0;1
3130;301;CARRIER_POL;CARRIER_LOADING_LOCATION;VARCHAR;40;0;0;1;0;1;0;1
3135;301;VESSEL_ARRIVAL_DATE;VEHICLE_ARRIVAL_DATE;DATE;0;0;0;1;0;1;0;1
3136;301;RESOURCE_LAST_LOCATION;RESOURCE_LAST_LOCATION;VARCHAR;20;0;0;1;0;1;0;0
3200;302;RESOURCE_NAME;RESOURCE_NAME;VARCHAR;30;0;1;0;0;0;0;0
3201;302;RESOURCE_TYPE_DESC;RESOURCE_TYPE_DESC;VARCHAR;200;0;1;0;0;0;0;0
3202;302;TARE_WEIGHT;RESOURCE_TARE_WEIGHT;DECIMAL;18;4;1;0;0;1;0;1
3203;302;MAX_GROSS_WEIGHT;RESOURCE_MAX_GROSS_WEIGHT;DECIMAL;18;4;1;0;0;1;0;1
3204;302;INSIDE_LENGTH;RESOURCE_INSIDE_LENGTH;DECIMAL;18;4;1;0;0;1;0;1
3205;302;INSIDE_WIDTH;RESOURCE_INSIDE_WIDTH;DECIMAL;18;4;1;0;0;1;0;1
3206;302;INSIDE_HEIGHT;RESOURCE_INSIDE_HEIGHT;DECIMAL;18;4;1;0;0;1;0;1
3207;302;DOOR_WIDTH;RESOURCE_DOOR_WIDTH;DECIMAL;18;4;1;0;0;1;0;1
3208;302;DOOR_HEIGHT;RESOURCE_DOOR_HEIGHT;DECIMAL;18;4;1;0;0;1;0;1
3209;302;MAX_LENGTH;RESOURCE_MAXIMUM_LENGTH;DECIMAL;18;4;1;0;0;1;0;1
3210;302;VOLUME;RESOURCE_VOLUME;DECIMAL;18;4;1;0;0;1;0;1
3211;302;BUILT_DATE;RESOURCE_DATE_OF_BUILT;DATE;0;0;1;0;0;1;0;1
3212;302;OWNERSHIP;OWNERSHIP;VARCHAR;10;0;1;1;0;0;0;1
3259;302;MOVEMENT_STATUS_CODE;RESOURCE_MOVEMENT_STATUS;VARCHAR;40;0;1;1;0;0;0;1
3213;302;MOVEMENT_STATUS;RESOURCE_MOVEMENT_STATUS_DESC;VARCHAR;40;0;1;1;0;1;0;1
3214;302;LOADING_STATUS;RESOURCE_LOADING_STATUS;VARCHAR;40;0;1;1;0;1;0;1
3215;302;RESOURCE_CONDITION;RESOURCE_CONDITION;VARCHAR;2;0;1;1;0;0;0;0
3216;302;FOOD_GRADE;RESOURCE_FOOD_GRADE;VARCHAR;2;0;1;1;0;0;0;1
3217;302;LAST_CARGO;RESOURCE_LAST_CARGO;VARCHAR;30;0;1;1;0;1;0;0
3218;302;CURRENT_RESPONSIBLE_TU;RESOURCE_CURRENT_RESPONSIBLE_TU;VARCHAR;20;0;1;1;0;1;0;1
3219;302;NEXT_STOP;RESOURCE_NEXT_STOP;VARCHAR;22;0;1;1;0;1;0;0
3220;302;FINAL_DESTINATION;RESOURCE_FINAL_DESTINATION;VARCHAR;22;0;1;1;0;1;0;0
3221;302;IDLE_DAYS;RESOURCE_IDLE_DAYS;INTEGER;0;0;1;0;0;1;0;0
3222;302;LEASING_ID;RESOURCE_LEASING_ID;VARCHAR;20;0;1;1;0;0;0;0
3223;302;MAX_WIDTH;RESOURCE_MAXIMUM_WIDTH;DECIMAL;13;3;1;0;0;1;0;1
3224;302;MAX_HEIGHT;RESOURCE_MAXIMUM_HEIGHT;DECIMAL;13;3;1;0;0;1;0;1
3225;302;VENTILATED;RESOURCE_VENTILATED;NVARCHAR;1;0;1;1;0;1;0;1
3226;302;TEMP_CONTROL;RESOURCE_TEMPERATURE_INDICATOR;NVARCHAR;1;0;1;1;0;1;0;1
3227;302;TEMP_CTRL_MIN;RESOURCE_MIN_CONTROL_TEMPERATURE;DECIMAL;7;2;1;0;0;1;0;1
3228;302;TEMP_CTRL_MAX;RESOURCE_MAX_CONTROL_TEMPERATURE;DECIMAL;7;2;1;0;0;1;0;1
3229;302;SHIPPER_OWNED;RESOURCE_SHIPPER_OWNED;NVARCHAR;1;0;1;1;0;1;0;1
3230;302;RESOURCE_TYPE_CODE;RESOURCE_TYPE;VARCHAR;200;0;1;1;0;0;0;1
3231;302;OFF_HIRE_DT;RESOURCE_OFF_HIRE_DATE;DATE;0;0;1;0;0;1;0;1
3232;302;ON_HIRE_DT;RESOURCE_ON_HIRE_DATE;DATE;0;0;1;0;0;1;0;1
3233;302;RESOURCE_STATUS;RESOURCE_STATUS;VARCHAR;20;0;1;1;0;0;0;0
3234;302;PAYLOAD_WEIGHT;RESOURCE_MAXIMUM_PAYLOAD_WEIGHT;DECIMAL;13;3;1;0;0;1;0;1
3235;302;PLATFORM_HEIGHT;RESOURCE_PLATFORM_HEIGHT;DECIMAL;13;3;1;0;0;1;0;1
3236;302;TOPDECK_HEIGHT;RESOURCE_TOPDECK_HEIGHT;DECIMAL;13;3;1;0;0;1;0;1
3237;302;LOAD_OPENING_LENGTH;RESOURCE_LOAD_OPENING_LENGTH;DECIMAL;13;3;1;0;0;1;0;1
3238;302;LOAD_OPENING_WIDTH;RESOURCE_LOAD_OPENING_WIDTH;DECIMAL;13;3;1;0;0;1;0;1
3239;302;AXLE_COUNT;AXLE_COUNT;INTEGER;0;0;0;0;0;1;0;1
3240;302;AXLE_SPACNG_DIST;AXLE_SPACNG_DIST;DECIMAL;13;3;1;0;0;1;0;1
3241;302;MAX_AXLE_WEIGHT;MAX_AXLE_WEIGHT;DECIMAL;13;3;1;0;0;1;0;1
3242;302;WHEEL_DIAMETER;WHEEL_DIAMETER;DECIMAL;13;3;1;0;0;1;0;1
3243;302;WHEEL_BEARNG_TYPE;WHEEL_BEARNG_TYPE;NVARCHAR;1;0;1;1;0;1;0;1
3244;302;DRAFT_GEAR_TYPE;DRAFT_GEAR_TYPE;NVARCHAR;1;0;1;1;0;1;0;1
3245;302;COUPLERSTYLE;COUPLERSTYLE;NVARCHAR;1;0;1;1;0;1;0;1
3246;302;CURRENT_LOCATION;RESOURCE_CURRENT_LOCATION;VARCHAR;40;0;1;1;0;0;0;0
3247;302;CARGO_BODY_DIST;CARGO_BODY_DIST;DECIMAL;13;3;1;0;0;1;0;1
3248;302;MAX_TRAILING_LOAD;MAX_TRAILING_LOAD;DECIMAL;13;3;1;0;0;1;0;1
3249;302;SPLITDECK_POSN;SPLITDECK_POSN;DECIMAL;13;3;1;0;0;1;0;1
3250;302;KINGPIN_DIST;KINGPIN_DIST;DECIMAL;13;3;1;0;0;1;0;1
3251;302;CONNECTOR_DIST;CONNECTOR_DIST;DECIMAL;13;3;1;0;0;1;0;1
3252;302;SPLITDECK_MAX_WGHT;SPLITDECK_MAX_WGHT;DECIMAL;13;3;1;0;0;1;0;1
3253;302;KINGPIN_MAX_WGHT;KINGPIN_MAX_WGHT;DECIMAL;13;3;1;0;0;1;0;1
3254;302;CONNECTOR_MAX_WGHT;CONNECTOR_MAX_WGHT;DECIMAL;13;3;1;0;0;1;0;1
3255;302;MAX_TRAILING_LOAD;MAX_TRAILING_LOAD;DECIMAL;13;3;1;0;0;1;0;1
3256;302;CARGO_BODY_DIST;CARGO_BODY_DIST;DECIMAL;13;3;1;0;0;1;0;1
3257;302;ULD_CLASS;ULD_CLASS;NVARCHAR;1;0;1;1;0;1;0;1
3258;302;IATA_COMPLIANT;IATA_COMPLIANT;NVARCHAR;1;0;1;1;0;1;0;1
3301;303;DOCUMENT;DOCUMENT;VARCHAR;30;0;1;0;0;0;0;0
3302;303;DOCUMENT_TYPE;DOCUMENT_TYPE;VARCHAR;200;0;1;0;0;1;0;1
3303;303;SOURCE_LOCATION;BOK_SOURCE_LOCATION;VARCHAR;20;0;1;0;0;0;0;0
3304;303;SOURCE_LOCATION_ADDR;SOURCE_LOCATION_ADDR;VARCHAR;200;0;1;0;0;1;0;1
3305;303;DESTINATION_LOCATION;BOK_DESTINATION_LOCATION;VARCHAR;20;0;1;0;0;0;0;0
3306;303;DESTINATION_LOCATION_ADDR;DESTINATION_LOCATION_ADDR;VARCHAR;200;0;1;0;0;1;0;1
3307;303;COMPLIANCE_STATUS_TXT;COMPLIANCE_STATUS_TXT;VARCHAR;30;0;1;0;0;1;0;1
3308;303;CREATION_TYPE_TXT;CREATION_TYPE_TXT;VARCHAR;30;0;1;0;0;1;0;1
3309;303;SCHEDULE_ID;SCHEDULE_DEPARTURE;VARCHAR;60;0;1;0;0;0;0;0
3310;303;LIFECYCLE_STATUS_TXT;LIFECYCLE_STATUS_TXT;VARCHAR;20;0;1;0;0;1;0;0
3311;303;EXECUTION_STATUS_TXT;EXECUTION_STATUS_TXT;VARCHAR;20;0;1;0;0;1;0;0
3312;303;STOCK;STOCK;VARCHAR;60;0;1;1;0;0;0;0
3313;303;RESPONSIBLE_PERSON;RESPONSIBLE_PERSON;VARCHAR;60;0;1;0;0;0;0;0
3314;303;CUSTOMS;CUSTOMS;VARCHAR;60;0;1;0;0;1;0;1
3315;303;SHIPPER;SHIPPER;VARCHAR;60;0;1;0;0;1;0;0
3316;303;CONSIGNEE;CONSIGNEE;VARCHAR;60;0;1;0;0;1;0;0
3318;303;TRMODCOD;TRMODCOD;VARCHAR;30;0;1;0;0;1;0;1
3319;303;PARTNER_REF_ID;PARTNER_REF_ID;VARCHAR;30;0;1;0;0;1;0;1
3320;303;PARTNER_MBL_ID;PARTNER_MBL_ID;VARCHAR;30;0;1;0;0;1;0;1
3321;303;MTR;MTR;VARCHAR;60;0;0;0;0;1;0;1
3322;303;DEPARTURE_TIME;DEPARTURE_TIME;DATE;0;0;1;1;0;1;0;1
3323;303;ARRIVAL_TIME;ARRIVAL_TIME;DATE;0;0;1;1;0;1;0;1
3324;303;CARRIER;CARRIER;VARCHAR;60;0;0;0;0;1;0;0
3325;303;PURCHASE_ORGANIZATION;PURCHASE_ORGANIZATION;VARCHAR;60;0;0;0;0;1;0;0
3326;303;PURCH_GRP_ID;PURCH_GRP_ID;VARCHAR;60;0;0;0;0;1;0;1
3327;303;MAX_UTIL;MAX_UTIL;DECIMAL;18;4;1;0;0;1;0;1
3328;303;FIRST_SHP_TRANSM;FIRST_SHP_TRANSM;DATE;0;0;1;1;0;1;0;1
3329;303;ERP_SHPM_BTDID;ERP_SHPM_BTDID;VARCHAR;60;0;0;0;0;1;0;1
3330;303;LAST_SHPM_TRANSM;LAST_SHPM_TRANSM;DATE;0;0;1;1;0;1;0;1
3331;303;ERP_SHPM_LOGSYS;ERP_SHPM_LOGSYS;VARCHAR;60;0;0;0;0;1;0;1
3332;303;ERP_SHPM_TYPE;ERP_SHPM_TYPE;VARCHAR;255;0;0;0;0;1;0;1
3333;303;LAST_LOCATION;LAST_LOCATION;VARCHAR;60;0;1;0;0;0;0;0
3334;303;NEXT_PLANNED_LOCATION;NEXT_PLANNED_LOCATION;VARCHAR;60;0;1;0;0;0;0;0
3335;303;MAX_UTIL_MASS;MAX_UTIL_MASS;VARCHAR;30;0;0;0;0;1;0;1
3336;303;DOC_CHECK_STATUS_TXT;DOC_CHECK_STATUS_TXT;VARCHAR;30;0;0;0;0;1;0;1
3337;303;CROSS_DOC_CHECK_STATUS_TXT;CROSS_DOC_CHECK_STATUS_TXT;VARCHAR;30;0;0;0;0;1;0;1
3338;303;VOYAGE;TRIP_ID;VARCHAR;100;0;1;0;0;0;0;0
3401;304;FREIGHT_BOOKING_ID;FREIGHT_BOOKING_ID;VARCHAR;60;0;1;0;0;0;0;0
3402;304;LOCATION;LOCATION;VARCHAR;22;0;0;1;0;0;0;0
3403;304;RESOURCE_TYPE;RESOURCE_TYPE;VARCHAR;200;0;1;0;0;0;0;0
3404;304;SCHEDULE_ID;SCHEDULE_ID;VARCHAR;60;0;1;0;0;0;0;0
3405;304;TRAIN_ID;TRAIN_ID;VARCHAR;60;0;1;0;0;0;0;0
3406;304;ACTIVE_RESOURCE_ID;ACTIVE_RESOURCE_ID;VARCHAR;60;0;1;0;0;0;0;0
3407;304;DEPARTURE_TIME;DEPARTURE_TIME;DATE;0;0;1;1;0;1;0;0
3408;304;LADEN_LOAD_QUANTITY;LADEN_LOAD_QUANTITY;VARCHAR;10;0;1;1;0;0;0;0
3409;304;LADEN_DISCHARGE_QUANTITY;LADEN_DISCHARGE_QUANTITY;VARCHAR;10;0;1;1;0;0;0;0
3410;304;EMPTY_LOAD_QUANTITY;EMPTY_LOAD_QUANTITY;VARCHAR;10;0;1;1;0;0;0;0
3411;304;EMPTY_DISCHARGE_QUANTITY;EMPTY_DISCHARGE_QUANTITY;VARCHAR;10;0;1;1;0;0;0;0
